item_id	item	route	viewport	action_sequence	expected	actual	storage_effect	console_or_pageerror	evidence_paths	reproduction_status	evidence_class	notes
SETUP-1	setup journey: boot gate + wallet-skip path	/ (gate) -> /setup -> /?setup=1	390x844 @2x touch	boot https://micro-prototype.pages.dev/ fresh profile; wait gate; type project name «UXFLASH-INVESTIGATION-20260925»; step fwd/back + retype during 35s silence window; click «تخطَّ المحفظة الآن — أسجلها لاحقًا من «المالية»»; capture Home	zero non-GET requests and zero synthetic-string requests before data entry; profile created without wallet; Home honest placeholders	silence window 190 requests all GET, 0 data-bearing, 0 synthetic leaks (silent=true); URL after skip /?setup=1; Home shows «تم إنشاء مشروعك «UXFLASH-INVESTIGATION-20260925» — ابدأ الآن بتسجيل أول عملية…», «يومك مفتوح», «ما لا تسجله لا يُخترع له رقم», unknowns as «غير مسجل — سجّله»	typing name created form-drafts setup:new (diff-00-to-01); skip completed = activity-profile local-profile + owner-profile local-owner-profile added AND setup draft REMOVED (diff-01-to-02); no wallet, no financial stores	s3-01: 0 console msgs, 0 pageerrors	evidence/S3/notes/s3-01-notes.json; evidence/S3/censuses/census-00-before-typing.json; evidence/S3/censuses/diff-00-to-01-typing.diff.json; evidence/S3/censuses/diff-01-to-02-setup-skip.diff.json; evidence/S3/screenshots/s3-01-0120-splash-settled-setup-step1.png; evidence/S3/screenshots/s3-01-0180-home-after-setup-skip.png; evidence/S3/requests/s3-01-silence-window.json	REPRODUCED	VERIFIED	skip path writes profile records but no wallet (VIS-016 consistent); setup form draft is contract-36 non-financial and cleared on completion
SETUP-2	setup journey: re-entry step 3 opening-position unknown	/setup -> /?setup=1	390x844 @2x touch	re-enter /setup with profile existing; name; التالي; التالي; step 3 «شو وضع الدرج هلق؟»; select «الموقف الافتتاحي»=unknown; «احفظ وابدأ في مشروعي الآن»	unknown path creates wallet flagged unknown, never a zero opening balance	/setup still reachable with existing profile; note «ستبقى المحفظة «غير محددة»» present; save -> /?setup=1; Home «الكاش المسجل 0.00» + unknowns «غير مسجل — سجّله»	diff-skip-vs-unknown-wallet: ONLY cash-wallets 0->1 («الدرج», kind cash_drawer, openingStatus "unknown") + activity-profile updatedAt; no other stores	0 console; 0 pageerror (s3-02)	evidence/S3/notes/s3-02-notes.json; evidence/S3/censuses/diff-skip-vs-unknown-wallet.json; evidence/S3/screenshots/s3-02-0310-setup-step3-opening-position.png; evidence/S3/screenshots/s3-02-0320-setup-step3-unknown-selected.png	REPRODUCED	VERIFIED	honest unknown opening (never zero); skip-vs-unknown delta is exactly one wallet record
F1	statement equation line omits direct-sale known cost	/finance/statement	390x844 @2x touch	after synthetic sale 12.75 (cost 5.50, collected 12.75) and expense 2.50: open Statement, read result card equation	equation must show ALL components (sale, cost, expense, net) so visible operands reconstruct the net	«نتيجة الفترة المسجلة 4.75 د.أ» with equation «إيراد معترف به 12.75 د.أ − تكلفة مباشرة 0.00 د.أ − مصروف موزّع 2.50 د.أ — ضمن الفترة فقط.»; the 5.50 known direct-sale cost is subtracted in the result (12.75−5.50−2.50=4.75) but absent from the displayed equation (visible operands give 10.25); same omission before expense (equation 12.75−0.00−0.00 with net 7.25)	display-only; no store change	0 console; 0 pageerror (s3-04, s3-04b)	evidence/S3/notes/s3-04-notes.json (statement_after_text_head); evidence/S3/notes/s3-04b-notes.json (f1_statement_result_section); evidence/S3/screenshots/s3-04-0680-statement-after-expense.png; evidence/S3/screenshots/s3-04b-0698-statement-result-section.png	REPRODUCED	VERIFIED	matches FI-2 FI2-08 (Statement.tsx L591-593 omits directSaleCostKnownMinor); refinement vs FI-2: the expanded period-comparison block on the same page DOES list «تكلفة بيع مباشر معروفة | الحالية 5.50 · السابقة 0.00 · الفرق -5.50», so the component is on the page but not in the equation
F1-FIN	Finance period view full component list	/finance?view=period	390x844 @2x touch	open /finance; click «افتح نتيجة الفترة»; open all details; extract dl rows	full component breakdown incl. known direct-sale cost	result 4.75 · status «مسجل» · range «النطاق المحدد: 09/2026 — 09/2026…»; rows include «إيراد بيع مباشر (بتاريخ البيع) = 12.75», «تكلفة بيع مباشر معروفة = 5.50», «التكلفة المباشرة المستخدمة = 0.00», «مصروف للمشروع = 2.50»; cash-bridge row «توقيت المواد … = +5.50»; but the headline formula sentence «إيراد الطلبات والبيع المباشر − التكلفة المباشرة المستخدمة − المصروف التشغيلي الموزّع − الإهلاك والشطب المسجّلين + نتيجة التخلص وعربون محتفظ مصنَّف» also omits the known direct-sale cost (would compute 10.25)	display-only; no store change	0 console; 0 pageerror (s3-04d)	evidence/S3/notes/s3-04d-notes.json (f1_finance_period_rows_full); evidence/S3/screenshots/s3-04d-0701-finance-period-view-all-open.png	PARTIALLY_REPRODUCED	VERIFIED	Finance deep reading is complete at row level (FI-2 PASS) but its one-line formula sentence shares the Statement omission; net itself correct
F2	period-comparison sign direction (الفرق = previous − current)	/finance/statement	390x844 @2x touch	after sale+expense: click «قارن مع الفترة السابقة»; expand comparison details; read summary number + rows	yardstick: current net +4.75 (margin 7.25 − expense 2.50), previous 0 → correct change-vs-previous = +4.75; FI-2 static predicts display shows previous−current = −4.75	collapsed summary «مقارنة الفترتين من 13/09/2026 إلى 19/09/2026 -4.75 د.أ» (bare number, no direction label; read -7.25 before expense); row «نتيجة الفترة المسجلة | الحالية 4.75 · السابقة 0.00 · الفرق -4.75»; revenue row «إيراد بيع مباشر | الحالية 12.75 · السابقة 0.00 · الفرق -12.75» (growth displayed negative); range label «الحالية: من 20/09/2026 إلى 26/09/2026 — السابقة: من 13/09/2026 إلى 19/09/2026»; statuses «مسجلة فقط» + «فترة جارية غير مكتملة — أحد هذه الفترات ما زالت مستمرة، فأرقامها جزئية حتى تكتمل.»	display-only; no store change	0 console; 0 pageerror (s3-04)	evidence/S3/notes/s3-04-notes.json (f2_summary_after_expense, f2_comparison_lines_after_expense, f2_range_label_after_expense); evidence/S3/screenshots/s3-04-0690-statement-comparison-open-after-expense.png; evidence/S3/screenshots/s3-04-0630-statement-comparison-collapsed-before-expense.png	REPRODUCED	VERIFIED	browser confirms FI-2 FI2-09 exactly: displayed الفرق = previous−current for every row, so improvements read as negative; collapsed summary number carries no direction wording
F3	quick-expense sheet: header wording vs required بند	/ (quick sheet)	390x844 @2x touch	Home -> «سجّل مصروفًا»; read sheet; submit empty; submit amount 0; submit 2.50 with empty بند	field wording must match validation (بند required)	sheet text «سجّل مصروفًا الآن … مبلغ وبند اختياري — يتم التسجيل هنا فوق شاشتك من دون انتقال.»; amount label «المبلغ المدفوع بالدينار الأردني» (no required marker) but «البند» carries «مطلوب»; empty submit -> «أدخل مبلغ المصروف بالأرقام 0–9.»; zero -> same; valid amount + empty note -> «اكتب ما حدث قبل الحفظ؛ الوصف جزء من السجل المالي.»	zero writes across all invalid submits and both discards (diff-05-to-06 {} and diff-06-to-07 {})	0 console; 0 pageerror (s3-02)	evidence/S3/notes/s3-02-notes.json (f3_sheet_text, f3_invalid_empty_error, f3_invalid_zero_error, f3_note_required_error); evidence/S3/screenshots/s3-02-0340-quick-expense-sheet-open.png; evidence/S3/screenshots/s3-02-0370-quick-expense-missing-note-error.png	REPRODUCED	VERIFIED	matches FI-2 FI2-05 (QuickActionSheet.tsx L204-210 «بند اختياري» contradicts required-بند validation); category chips «تصنيف سريع (اختياري)»; date defaults today
F3-GUARD	quick sheet dismissal guard (AUD-005 contrast)	/ (quick sheet)	390x844 @2x touch	with 2.50 typed: click X «إغلاق»; separately with 3.00 typed: press Escape	discard question before losing typed money	X -> question «في رقم مكتوب — تسجّله أو تتجاهله؟» + «الإغلاق الآن يفقد ما كتبته في هذه الورقة؛ لا يوجد حفظ تلقائي.» with buttons «سجّله الآن» (save) / «تجاهل ما كتبت» (destructive); Escape -> SAME discard question (not instant close); «تجاهل ما كتبت» closes the sheet	zero writes (censuses 06/07 unchanged)	0 console; 0 pageerror (s3-02)	evidence/S3/notes/s3-02-notes.json (f3_discard_question_shown, f3_discard_wording, f3_discard_button_order, f16_escape_sheet_discard_question); evidence/S3/screenshots/s3-02-0380-quick-expense-discard-question.png; evidence/S3/screenshots/s3-02-0400-quick-expense-escape-behavior.png	REPRODUCED	VERIFIED	QuickActionSheet HAS the two-choice guard — the reference pattern the three money sheets lack (AUD-005)
F4-A	direct sale invalid submit: error + zero records	/direct-sales/new?returnTo=%2Forders	390x844 @2x touch	discard restore banner «عندك مسودة» («تجاهلها»); fill «ما الذي بعته؟» only; «حفظ البيع المباشر»	blocking inline error; NO financial record written	error «أدخل المبلغ والكمية بالأرقام 0–9 قبل الحفظ — المبلغ هو الحقل الإلزامي الوحيد.»; store counts directSales=0, financialEvents=0; diff-09-to-10 {}	only non-financial form draft direct_sale:new (created by typing; contract 36)	0 console; 5 pageerrors all TEST_HARNESS_ARTIFACT (boot census; see summary pageerror section)	evidence/S3/notes/s3-03-notes.json (f4_invalid_submit_error_text_found, f4_invalid_submit_store_counts); evidence/S3/censuses/diff-09-to-10-after-invalid-submit.diff.json; evidence/S3/screenshots/s3-03-0520-sale-form-invalid-submit-error.png	REPRODUCED	VERIFIED	confirms FI-2 F4 PASS: validation precedes any service/store call; pageerrors unrelated to app (fired pre-navigation during storage census on the denied initial page)
F4-B	direct sale valid submit: success + honest receipt	/direct-sales/new?returnTo=%2Forders	390x844 @2x touch	fill item «UXFLASH-INVESTIGATION-20260925 كوب»; price 12.75; collected 12.75; cost select «نعم، أعرفها» + 5.50; note «بيع مباشر UXFLASH-INVESTIGATION-20260925»; save	success screen with honest receipt; sale + cash continuity written	«سُجّل البيع»; receipt «السعر الفعلي: 12.75 د.أ · قُبض الآن: 12.75 د.أ», «قُبض المبلغ كاملًا — لا دين من هذا البيع.», «نُسب القبض إلى «الدرج»: 12.75 د.أ — حركة موثقة في دفتر المحفظة.», «سُجل محليًا على هذا الجهاز — الضغط مرتين لا يضاعف أثرًا.»; optional materials-consumption CTA «سجّل استهلاك مواد لهذا البيع»	direct-sales +1 (revenue 1275, collected 1275, cost 550, profit 725, status active); cash-continuity-entries +1 (allocation +1275 to drawer, note «توزيع قبض بيع من محرر البيع»); form draft cleared (form-drafts 1->0); NO financial-event row for the sale	0 console; 0 pageerror this phase	evidence/S3/notes/s3-03-notes.json (f4_success_text); evidence/S3/censuses/diff-11-to-12-after-valid-sale.diff.json; evidence/S3/screenshots/s3-03-0541-sale-success-receipt-full.png	REPRODUCED	VERIFIED	receipt honesty PASS (receipt≠profit phrasing, wallet attribution, double-press note); direct-sale cash tracked via direct-sales + cash-continuity allocation rather than financial-events
F11	Work empty-state CTA «سجّل أول بيع»	/orders -> /direct-sales/new?returnTo=%2Forders	390x844 @2x touch	Work with zero records; locate CTA (BUTTON micro-prim-button micro-prim-button--create, text «سجّل أول بيع»); click; compare URL + scroll; return via in-app back	defect claim: CTA only scrolls / does not perform the promised action	real writer navigation: URL /orders -> /direct-sales/new?returnTo=%2Forders; scroll 0,0 -> 0,5 (incidental); «تسجيل بيع مباشر» heading + full form after click; in-app back («العمل») returns to /orders; Home by contrast has NO «سجّل أول بيع» button (phrase only in quiet text; Home CTAs are «سجّل بيعًا»/«سجّل مصروفًا»/«طلب من عميل»)	F11 click wrote NOTHING (original census-04 held only activity-profile + owner-profile; no direct-sales/financial-events/drafts)	0 console; 1 pageerror TEST_HARNESS_ARTIFACT (boot census)	evidence/S3/notes/s3-01b-notes.json; evidence/S3/notes/s3-01-notes.json (home_first_sale_cta_elements=[]); evidence/S3/censuses/diff-03-to-04-f11-nav.diff.json; evidence/S3/screenshots/s3-01b-0240-work-empty-cta-visible.png; evidence/S3/screenshots/s3-01b-0251-after-cta-click-full.png	NOT_REPRODUCED	VERIFIED	as a defect claim NOT_REPRODUCED: CTA performs the promised action (navigates to the direct-sale writer with returnTo); no scroll-only behavior
F13	delete-confirmation layout at 390px (and 320px)	/orders/draft/new (delete zone)	390x844 @2x then 320x844	second draft «UXFLASH-INVESTIGATION-20260925 مسودة ب» created; click «احذف المسودة»; measure .micro-draft-delete-zone + .micro-form-actions rects + doc overflow; capture at 390 then 320	layout defect at 390 claimed; expected possible overflow/cramping	@390: zone x=33 w=324; actions x=33 w=324 right=357 (full-width stacked buttons, 33px side margins); docOverflowX=false. @320: zone x=33 w=254; actions right=287; docOverflowX=false. Wording «حذف المسودة يزيلها من هذا الجهاز نهائيًا — بلا سبب ولا أثر مالي، لأنها لم تصبح طلبًا. لا يمكن التراجع بعد الحذف.»; buttons «احذف المسودة نهائيًا» (micro-prim-button--secondary — NOT destructive) / «إغلاق» (quiet)	confirm deletion: order-drafts 2->1 (draft ب c794823c removed); URL -> /orders	0 console; 1 pageerror TEST_HARNESS_ARTIFACT (boot census)	evidence/S3/notes/s3-05-notes.json (f13_confirm_wording, f13_confirm_button_styles, f13_layout_390, f13_layout_320); evidence/S3/screenshots/s3-05-0850-f13-delete-confirm-390.png; evidence/S3/screenshots/s3-05-0860-f13-delete-confirm-320.png	NOT_REPRODUCED	VERIFIED	no layout overflow at 390 or 320 (metrics + docOverflowX false at both widths); AUD-006 styling issue REPRODUCED alongside: permanent-delete confirm action is secondary, not destructive
F14	draft close-guard wording vs actual autosave	/orders/draft/new?intent=customer_order&returnTo=%2F	390x844 @2x touch	type «وصف القطعة» = «UXFLASH… مسودة أ»; type quantity 2 + notes; click in-app back; read guard; «ابقَ في الصفحة»; re-type notes; back again; «اخرج دون حفظ»; reopen drafts store	dialog claims nothing autosaves; FI-2 predicts draft-backed editors DO autosave	guard verbatim «تعديلات غير محفوظة / لن يُحفظ شيء تلقائيًا، وإذا أغلقت الصفحة أو التطبيق قبل الحفظ يفقد ما لم تحفظه. / ابقَ في الصفحة / احفظ واستمر / اخرج دون حفظ»; stay preserved quantity «2»; after «اخرج دون حفظ» URL «/» AND the order draft STILL EXISTS (same record 7145c83a «UXFLASH… مسودة أ»)	first input materialized order-drafts 0->1 (census-16, createdAt 00:17:33.553Z); discard did NOT delete it (census-17 unchanged; diff-16-to-17 {}); post-materialization edits (quantity/notes) NOT persisted (updatedAt unchanged) — in-memory only	0 console; 1 pageerror TEST_HARNESS_ARTIFACT (boot census)	evidence/S3/notes/s3-05-notes.json (f14_guard_wording_verbatim, f14_draft_records_after_discard); evidence/S3/censuses/diff-15-to-16-draft-first-input.diff.json; evidence/S3/censuses/diff-16-to-17-after-draft-discard.diff.json; evidence/S3/screenshots/s3-05-0810-f14-draft-close-guard.png; evidence/S3/screenshots/s3-05-0830-f14-after-discard.png	REPRODUCED	VERIFIED	blanket sentence «لن يُحفظ شيء تلقائيًا… يفقد ما لم تحفظه» is FALSE for the first input (draft materialized + survives «اخرج دون حفظ») and TRUE only for post-materialization edits; matches FI-2 FI2-17 (DEEPENS_EXISTING)
F14-DS	direct-sale editor autosave vs «اخرج دون حفظ»	/direct-sales/new?returnTo=%2Forders	390x844 @2x touch	dirty form «UXFLASH… بيع متروك ٢» + price 9.00; in-app back -> guard -> «اخرج دون حفظ»; later runs reopen the editor and see a restore banner	typed data expected lost per dialog wording	typed values PERSISTED in form-drafts direct_sale:new (itemName «UXFLASH-INVESTIGATION-20260925 بيع متروك ٢», revenueMinor 900, createdAt 00:12:40.132Z) and SURVIVE «اخرج دون حفظ»; leftover drafts trigger restore banner «عندك مسودة» on next editor open (seen in s3-03 and s3-03c; source = s3-03b debug leftovers) — banner discard «تجاهلها» removes the draft	form-drafts written by typing (census-13 form-drafts 0->1); «اخرج دون حفظ» did NOT remove it; FINAL census still holds it	0 console; 0 pageerror (s3-03c)	evidence/S3/notes/s3-03-notes.json (sale_form_draft_restore_banner_shown); evidence/S3/notes/s3-03c-notes.json (restore_banner_shown); evidence/S3/censuses/diff-12-to-13-after-f16.diff.json; evidence/S3/notes/s3-08-notes.json (FINAL_SYNTHETIC_RECORDS form-drafts)	REPRODUCED	VERIFIED	strongest F14 contradiction data point: even the explicit discard-exit leaves the autosaved form draft restorable
F15	one edit session -> how many drafts	/orders/draft/new then /orders/draft/{id}	390x844 @2x touch	round 1: single input in new draft editor; round 2: reopen SAME draft, single edit, close-discard; then fresh /orders/draft/new + single input («مسودة ب»)	FI-2 predicts ONE draft per editor session (created on first real input, updated in place); multiple drafts only from multiple sessions	round 1: exactly 1 order draft (7145c83a) after a single input, URL unchanged; round 2: still 1 draft, SAME id, updatedAt UNCHANGED (00:17:33.553Z — round-2 edit not autosaved); new session: order-drafts 1->2 (c794823c «مسودة ب») — a second draft ONLY from the second visit to /orders/draft/new	order-drafts 0->1 (diff-15-16), 1->1 (diff-17-18 {}), 1->2 (diff-18-19), 2->1 after deleting draft ب (diff-19-20)	0 console; s3-05b clean replication: close-after-single-input showed NO guard (single-field change not dirty enough), 0 rejections, 0 pageerrors	evidence/S3/notes/s3-05-notes.json (f15_round1_draft_records, f15_round2_draft_records); evidence/S3/censuses/diff-18-to-19-second-draft.diff.json; evidence/S3/notes/s3-05b-notes.json (drafts_now)	REPRODUCED	VERIFIED	owner-observed «multiple drafts» = one per NEW editor session (by design, contract 36 / decision 21); NOT one-per-edit; no defect — PRESERVE per FI-2 FI2-16; S4 separately found a setup-draft race (autosave-empty discard deletes draft on reload) not re-tested here
F16-A	browser Back on dirty direct-sale form	/direct-sales/new?returnTo=%2Forders	390x844 @2x touch	dirty form («UXFLASH… بيع متروك» + price 9.00); page.go_back(); read guard; press Escape on guard; check typed price	guard intercepts back; stay-first; Escape non-destructive; stay preserves data	guard shown («تعديلات غير محفوظة»); URL stayed /direct-sales/new?returnTo=%2Forders; button order «ابقَ في الصفحة» (secondary) / «احفظ واستمر» (text-action) / «اخرج دون حفظ» (destructive); focused element = «ابقَ في الصفحة» (stay-first); Escape on guard = STAY; typed price preserved «9.00»	none at this step (form draft already persisted by typing; no new writes)	0 console; 0 pageerror this phase	evidence/S3/notes/s3-03-notes.json (f16_browser_back_guard_shown, f16_guard_button_order, f16_guard_focused_element, f16_guard_escape_stays, f16_stay_preserves_price); evidence/S3/screenshots/s3-03-0560-f16-browser-back-guard.png; evidence/S3/screenshots/s3-03-0570-f16-guard-escape-stayed.png	REPRODUCED	VERIFIED	matches FI-2 static (UnsavedChangesGuard 3-choice, history sentinel, Esc=stay); «احفظ واستمر» path not exercised — UNVERIFIED
F16-B	in-app back button on dirty form	/direct-sales/new?returnTo=%2Forders	390x844 @2x touch	clean re-probe (s3-03c): discard restore banner; dirty form «بيع متروك ٢» + 9.00; click .micro-back-button «العمل»; then «اخرج دون حفظ»	guard shown; discard exits to /orders; typed in-memory data gone; form draft retains values	guard SHOWN on the clean probe (first probe in s3-03 was ambiguous: no guard AND no navigation immediately after the browser-back guard had been dismissed with stay — sentinel interplay, mechanism UNVERIFIED); «اخرج دون حفظ» -> URL /orders (form exited); form_gone check false-negative only because the Work page itself contains «تسجيل بيع مباشر» as a section title	typed values retained in form-drafts direct_sale:new (see F14-DS) despite «اخرج دون حفظ»	0 console; 0 pageerror in clean run s3-03c (explicitly noted)	evidence/S3/notes/s3-03c-notes.json (f16c_inapp_back_guard_shown, f16c_url_after_discard); evidence/S3/notes/s3-03-notes.json (f16_inapp_back_guard_shown=false ambiguous first probe); evidence/S3/screenshots/s3-03c-0596-f16c-inapp-back-result.png; evidence/S3/screenshots/s3-03c-0597-f16c-after-discard.png	REPRODUCED	VERIFIED	guarded on the clean probe; typed data «lost» from the live form but recoverable from the autosaved draft — same F14-family wording contradiction
AUD-005-1	RepaymentSheet (loans) dismissal guards	/loans (sheet over loan detail)	390x844 @2x touch	loan 20.00 to «UXFLASH… مستدين» saved; open «سجّل دفعة»; type 5.00; try: X button; outside click (synthetic MouseEvent, then REAL mouse @195,120); Escape; touch swipe-down; «ألغِ»	discard question expected after entering an amount (QuickActionSheet pattern)	NO X button exists (count 0); synthetic overlay click did NOT close (probe limitation — vaul pointer handlers need real input); REAL outside click CLOSED the sheet with NO discard question; Escape closed, NO question; swipe closed, NO question; «ألغِ» closed, NO question — 0/4 effective paths asked	ZERO writes: loans.repayments stayed []; census diff-22-to-23 {}; typed 5.00 lost every time	0 console; 1 pageerror TEST_HARNESS_ARTIFACT (boot census)	evidence/S3/notes/s3-06a-notes.json; evidence/S3/notes/s3-06a2-notes.json (aud005_real_outside_closed_sheet); evidence/S3/censuses/diff-22-to-23-repayment-dismissals.diff.json; evidence/S3/screenshots/s3-06a-0930-repayment-sheet-typed-5.png; evidence/S3/screenshots/s3-06a2-0937-repayment-after-real-outside-click.png	REPRODUCED	VERIFIED	browser-confirms FI-2 static (RepaymentSheet.tsx L73 onOpenChange -> onClose immediately); AUD-005 FIX_NOW stands; sheet copy honest («السداد يرفع الكاش ويخفض المتبقي — ليس إيرادًا جديدًا ولا ربحًا»)
AUD-005-2	ReceivedLoanRepaymentSheet dismissal guards	/loans -> received-loan detail (sheet)	390x844 @2x touch	received loan 10.00 from «UXFLASH… مقرض» saved; open «سجّل دفعة سداد أصل»; type 2.00; try X; real outside click; Escape; swipe; «ألغِ»	discard question expected after entering an amount	NO X button (count 0); outside click closed, NO question; Escape closed, NO question; swipe executed + closed, NO question; «ألغِ» closed, NO question — 0/4 asked	ZERO writes: received-loans.repayments stayed []; census diff-25-to-26 {}	0 console; 0 pageerror (final s3-06b execution)	evidence/S3/notes/s3-06b-notes.json (received_* keys); evidence/S3/censuses/diff-25-to-26-received-dismissals.diff.json; evidence/S3/screenshots/s3-06b-0942-received-repayment-sheet-typed.png; evidence/S3/screenshots/s3-06b-0944-received-after-swipe.png	REPRODUCED	VERIFIED	sheet copy honest («السداد ينزل الكاش وينزل الالتزام — ليس مصروفًا ولا يمس نتيجة الفترة»); received-loan creation itself requires explicit lender type («اختر نوع المُقرض صراحةً… لا يُخمَّن») — save correctly blocked without it (s3-06b2: no record written)
AUD-005-3	MaterialSheet (cost step) dismissal guards	/orders/draft/{id}/cost (sheet)	390x844 @2x touch	open cost editor of draft أ; «إضافة مادة»; fill «المادة»=«UXFLASH… مادة», qty 1, unit cost 3.00; try X («إغلاق إضافة المادة»); real outside click; Escape; swipe; «إلغاء»	discard question expected after entering money	X («إغلاق إضافة المادة») closed, NO question; outside closed, NO question; Escape closed, NO question; swipe closed, NO question; «إلغاء» closed, NO question — 0/5 asked	ZERO writes: draft costSnapshots stayed 0; census diff-26-to-27 {}	0 console; 0 pageerror (final s3-06b execution)	evidence/S3/notes/s3-06b-notes.json (material_* keys, drafts_after_material_dismissals); evidence/S3/censuses/diff-26-to-27-material-dismissals.diff.json; evidence/S3/screenshots/s3-06b-0951-material-sheet-typed-3.png; evidence/S3/screenshots/s3-06b-0952-material-after-x.png	REPRODUCED	VERIFIED	silent discard of in-sheet material entry (MaterialSheet.tsx L44 + CostEditor L443-449 per FI-2); AUD-005 totals: 0/13 money-sheet dismissal paths asked, vs QuickActionSheet which always asks
ESTIMATE	estimate flow 2×3.25÷4	/tools/calculator -> /tools/estimate/{id}	390x844 @2x touch	calculator: title «UXFLASH… تقدير»; material «UXFLASH… خشب» qty 2 unit price 3.25; «عدد القطع» 4; «احفظ التقدير لمراجعته لاحقًا»; open detail	estimate math 2×3.25=6.50 planned; 6.50÷4=1.625 -> unit 1.63; honest estimate-vs-final labeling	detail: «حُفظ في 25/09/2026 · حالة المعرفة: ناقصة»; «سعر الحماية المقترح للقطعة غير متوفر بعد»; «تكلفة القطعة المتوقعة: 1.63 · الإجمالي المتوقع: 6.50 · عدد القطع الناتجة: 4»; «هذا التقدير أداة تفكير — لا حدث مالي ولا مخزون ولا التزام مرتبط به»; actions «ابدأ مسودة من هذا التقدير» / «عدّل التقدير» / «احذف التقدير»; calculator exposes no division operator — division expressed as output pieces (has_division_operator=false)	cost-estimates +1 ONLY (plannedCostMinor 650, unitCostMinor 163, priceFloorMinor 163, knowledgeState incomplete, time null); no financial-events / inventory / orders	0 console; 0 pageerror (s3-08 executions)	evidence/S3/notes/s3-08-notes.json (estimate_detail_text_head, FINAL_SYNTHETIC_RECORDS cost-estimates); evidence/S3/censuses/diff-28-to-29-estimate-save.diff.json; evidence/S3/screenshots/s3-08-1110-calculator-filled-2x3.25-div4.png; evidence/S3/screenshots/s3-08-1130-estimate-detail.png	REPRODUCED	VERIFIED	math matches yardstick (6.50 / 1.63); estimate clearly separated from final records; zero financial effect (FI-2 §8 positive verification confirmed in browser); first s3-08 execution created the estimate 03:28:54, final execution was idempotent-skip
NOTFOUND	unknown routes NotFound	/this-route-does-not-exist-xyz; /finance/definitely/not/a/route	390x844 @2x touch	direct goto two unknown URLs	Arabic NotFound page with safe return	«مسار غير متاح / هذه الصفحة ليست جزءًا من هذا الإصدار / العودة إلى مشروعي الآن» + bottom nav (مشروعي الآن/العمل/المالية/أدواتي/السوق); deep /finance/... route renders the same NotFound; URL preserved	none (no writes)	0 console; 0 pageerror (s3-08)	evidence/S3/notes/s3-08-notes.json (notfound_text); evidence/S3/screenshots/s3-08-1140-notfound-390.png; evidence/S3/screenshots/s3-08-1141-notfound-deep-390.png	REPRODUCED	VERIFIED	deep-nested unknown route also caught (no blank screen)
SILENCE	network silence + disposability (all runs)	https://micro-prototype.pages.dev (all routes)	390x844 @2x (+ s3-07 widths)	all 18 logged runs; request capture on every run; per-window and aggregate assertions	100% GET; zero POST/PUT/PATCH/DELETE; zero requests carrying synthetic strings	2953 requests total across request logs, methods {GET: 2953}, data_bearing 0, synthetic_leaks 0; boot silence window 190/190 GET	ALL writes in profile IndexedDB «micro-prototype-local» only (localStorage empty at every census); profile 7,339,025 bytes (~7.3 MB) deleted after censuses copied out	0 console messages of ANY type across all 18 runs; 8 pageerror events all TEST_HARNESS_ARTIFACT (see summary pageerror section)	evidence/S3/request-totals.json; evidence/S3/requests/s3-01-silence-window.json; evidence/S3/notes/s3-01-notes.json (silence_setup-gate-window); evidence/S3/profile-size-and-cleanup.json; evidence/S3/console-totals.json	REPRODUCED	VERIFIED	DISPOSABLE_LOCAL_ONLY: app never sent data off-device during the entire populated session; bookkeeping note: 2953 includes s3-01-silence-window.json (190) duplicating the first 190 of s3-01-requests.json — unique ≈2763; verdict unaffected
