file	bytes	sha256	published_on_branch
capture-manifest.json	7993	25ee96a78a6cfa8486e8203f1dfa368066ce6caf2a3fbe60c20069e8a22bc38e	no
dark/finance_first-use_360_dark_first-viewport.png	49826	02075d8916764f970b40ff55d1c87279e1d119af6a6d07e4a4c49a08fc0123ff	YES
dark/finance_first-use_360_dark_full.png	209608	5296d613d5f236463c4a3da9f69abb90d9d922dd7d9fc5027c847a97077e0b38	no
dark/home_first-use_360_dark_first-viewport.png	48025	c3a8c1208e9d5adebe5ae58842baa85bed232059fd8e03165e0860c62c1751cb	YES
dark/home_first-use_360_dark_full.png	75538	808c0a3b6fde1f6241b8c583cac0e7f3f35d07badf3e90093bfab7e4ea8074de	no
dark/settings_appearance-after-toggle_360.png	49248	7b54d95ceec1c50d0ea34124b79fdf3fc0563b0af1c1912b3372988c30df3493	no
dark/settings_appearance-before-toggle_360.png	5246	0e140030d798d4f92ec26911dc30609d14d8f65019f4e9b44e47e4d789f55f3f	no
dark/tools_first-use_360_dark_first-viewport.png	61893	37f3fab41bde9b301168de984c51d8fb0a738ca019e2cdd2fe8876a0574a6cb7	no
dark/work_first-use_360_dark_first-viewport.png	52027	26044d0a7733224872108645a9492fabebf69a48aae4c787bff059d040c0108a	no
dom/surface-metrics.json	89057	45052739a35935fc3fc7ad287600630139c08e0e60cbd6ab4dd7ab5fc7a987cf	no
light/finance_first-use_320_first-viewport.png	38784	f03c62dfa018e206ab60fbea3cf0c5c4dfb75b2912de37a0accbccd1a03de6c4	no
light/finance_first-use_360_first-viewport.png	49566	4c9634d51487c3a4f967d0aa86d1127690ca765f38a9252ba6c13128fef70391	YES
light/finance_first-use_360_full.png	207544	4968ba20b3b54bda60f96ade1d81fbb40b345b3f3b4c36b084da31854c1fbfeb	YES
light/finance_first-use_390_first-viewport.png	43000	27612ed42bd8077a8ee4307d4c370f78aa4d1d591baf47fab8225e58a01e585b	no
light/finance_first-use_430_first-viewport.png	43329	c6be2b06df29bde9e9bcc94add9fbb6432dd6da01145ea40d2137e42e6cf4790	no
light/home_first-use_320_first-viewport.png	45188	1805d42fdf9c8cd665db4b7585c2139fd73ee3158ec0da0f1c2e3f61cb4d2e9e	YES
light/home_first-use_360_first-viewport.png	49124	bb1b15a93fcc1ce95c4750d71016b89322657167ee153386db570ebbc0336a6d	YES
light/home_first-use_360_full.png	85589	b39ea5f4c82e56fe94cfa927dee643199e694096435af84276f319b262e797fa	YES
light/home_first-use_390_first-viewport.png	46691	1e72999359f4bc6e962a56c7fba6d602ef0cfba55fc4943f9f9ec1aa9226d054	no
light/home_first-use_430_first-viewport.png	46888	ff525629e25daf505551cb02da35b344b87307c7b498b440dca0fe331a17d6c3	YES
light/market_first-use_360_first-viewport.png	58160	2b283e9b14406ecad93740c0f33720d207d6bc0c95325ed7804c0b9310de8eeb	no
light/tools_first-use_320_first-viewport.png	47755	323c76dc3e1958edc9d6ca605b83f8cfeab8fa434c800464e71531a8ca27e5db	no
light/tools_first-use_360_first-viewport.png	61482	6b2bc4fd93e7f7fe0d1fd9f9598214dfb7f8243a6fa0938d42ea7c43f17bee1e	YES
light/tools_first-use_360_full.png	53369	38bf7128aaa354ee9062d2b699762667176ebdf77836ed6851a93bf001c18d5a	no
light/tools_first-use_390_first-viewport.png	53669	2e8a708349854e5bada0194ab24efd0e459d8a6926b77fd92d9eda6f5c26b744	no
light/tools_first-use_430_first-viewport.png	56084	d1264c0eccf73fa4ca05a16cd4c358a71b09513d3beb014d51b969cd23086a38	no
light/work_first-use_320_first-viewport.png	42314	8d5b52e8192007b925988bdd769eed843d7e9e522e03a8c4c976f3b8cf019ac6	no
light/work_first-use_360_first-viewport.png	52216	3a5ad21825ea1fb03859c8793ead73f4f9818822d99eb3f93ca131321f3d7c2a	YES
light/work_first-use_360_full.png	74140	4db6b4547cfc300327e50b54eb68dea9580018030f8da041f69cf27e6b5965f2	no
light/work_first-use_390_first-viewport.png	43265	5f7a50284ffd11244c6b4f004420c08e68571239aca1ef3a974941b5300a0860	no
light/work_first-use_430_first-viewport.png	46346	997625ae3a2f1afbda3da0af0c6f489244f48f98eb20fa2475c8820cb280c250	no
probe-log.json	12321	1cad9c1dd07979ddae60b228e022f80945ba09c9508d8375e14367c092965c77	no
probes/finance-bottom-painted_360.png	40213	75d12a84ca525514373bd7dd6a4a7e18d1b6f9d23556cce2dce15c916be503e7	no
probes/finance-corrections-scrolled_360.png	40213	75d12a84ca525514373bd7dd6a4a7e18d1b6f9d23556cce2dce15c916be503e7	no
probes/finance-corrections-tail_360.png	42605	c10e63dafeca55f0f8f5ea2cf45bde55d13acf3947db28f6a7854e10842cac7e	no
probes/p01-logo-menu-open_360.png	53581	744a03d8e7f7c3e69fd2e3c0715483ca0de44309fbb596227c921e25689e8b9a	YES
probes/p04-soon-panel_360.png	53082	fcee8e8763313c8a7d46364c3f3ff5e9006014b53f583634a17e8ac024e2c4fc	YES
probes/p05-quick-sale-sheet_360.png	47598	b769872ce830bababb7e362859fc42d5dad3e740442910297b408fe05263924e	YES
probes/p06-quick-sale-typed_360.png	50636	d24896f91acca124e1f2c59fb2b76d9d8fe34ba83758128db5ae6e1667a49876	no
probes/p06b-discard-question_360.png	52307	322050dae50265fb503a88ccb9d32de512e29849bd9b011c80e0199c87d343ed	YES
probes/p07-after-discard_360.png	49124	bb1b15a93fcc1ce95c4750d71016b89322657167ee153386db570ebbc0336a6d	no
probes/p08-expense-discard_360.png	51578	5ba062a93759bd70aff2609375ad8f21fd0a6b013153a0dac1e87be4fc1e958f	no
probes/p09-nav-pressed_360.png	49520	4c06b56c0dfd87fcc2bc311a6a0b1ebeebebe6104b83b4fda3bee849e729e146	YES
probes/p10-nav-selected_360.png	42599	82c5ba5ed53d94b652b5f0f137ad0e30283dbe930565140c0f9ea8b61b572818	no
probes/p12-calculator-typed-v2_360.png	44022	ca1a497a1c4cb3d4ab03de957e6667a385858b0203f0c395b34aeca046285f5b	no
probes/p12-calculator-typed_360.png	42893	b5c62365b54cb276251890a72e7d2d9712df5d9b16c2de39c17ddaca62e41ec2	no
probes/p12b-guard-v2_360.png	49471	69ffb21ef0590324350631d7528c7ff311d3fce71cd102525a4ea1c2ea4852ee	YES
probes/p13-offline-finance_360.png	43057	7d2d02bc558cc85e4304880ef44f87c86b3bfd9fef076a920caf96fe6d749608	YES
probes/p14-focus-visible_360.png	7501	995a552fe5a6fbf5a89f0698c39e1242bb7c2769042db47ef684103911493e7d	YES
probes/p15-textscale-125_360.png	51228	2a0f6b17a11c332695aa5c037c5ef654b298d92887d8b073c849f7fc61bc2606	YES
probes/p16-reduced-motion-home_360.png	5935	4dc871461d4bd2aba7c7832872012b3177e2efc2b75934a518c6b04438d15e40	no
probes/p17-route-loading_360.png	53041	619749da72634d39b7b3d9b37c8304b6e2cf614ad1a3e429d92e72ec98113137	no
probes/p18-corrections-layer-open_360.png	44713	e8607d723f6f116a77d38e2f6a6701b09acb62b2efae88e2b6ee960d2c2a28b2	YES
setup/setup-step1-filled_360.png	57560	73c82cf1b66a9d76fcbbcd18bc74fa95cf725ab36bcab4459371b532a31f65de	no
setup/setup-step1-firstuse_360.png	51554	75a907f2295926296415c086473fbbe47bc8cc654e2041406da9e4e8185fae67	YES
setup/setup-step2-wallet_360.png	45647	0a6fb32d169b1997710db40a677bef21be61dda88f1dd4ff11ac2253e9a0d203	YES
setup/splash-early_360.png	3468	d2a3c3b626eb4b400dbc185602fe2cc9bfecd257c686b0670858ca797f5bb35d	YES
storage-census-after-captures.json	1255	f9cea0eb1c850b16d7e81fdcc933704af1f58b4fdc6afff092a272aaf95e3b1d	no
