id	severity	category	evidence_class	classification	owner_decision_required	title	affected_files_routes	impact	minimum_safe_remediation	focused_evidence	acceptance_criteria	rollback_boundary
AUD-000	META	audit-integrity	VERIFIED	PRESERVE	No	Audit-tooling display artifact: bracket-m sequence eaten in displayed tool output produced 2 false positives (both retracted after md5/length/count proof); repo content consistent with green CI	audit process only	audit integrity	Document in report; require checksum verification for bracket-bearing evidence in future waves	md5(line48)=md5(correct candidate); awk length=20; rg counts; runtime probe reproduced artifact	Future waves verify bracket-bearing strings via checksum/length/count	n/a
AUD-001	HIGH	product-ux	VERIFIED	DEFER	Yes	V2 result-first SnapshotDeck vs Micro decision-first Home: opposing reading orders; unresolved IA decision blocks Home and deck work	Home.tsx; V2 SCREEN-CATALOG; DESIGN-DECISIONS-V2 13.4	product directionOwner records reading order + deck placement in UX-001 owner_decision	Decision recorded before any implementation prompt	HomeRedesign.w43.dom.test.tsx:276 locks decision-first; V2 fixtures order result-first	Decision recorded	n/a (decision)
AUD-002	HIGH	qa-tests	VERIFIED	FIX_NOW	No	renderSmoke covers 56 of 65 registered route patterns; 9 unsmoked (recurring x3, finance/more, finance/upcoming, loans/received x2, redirect); stale (55) header comment	R2.renderSmoke.test.tsx; MicroRouter.tsx	test net hole on newest families	Add the 9 route patterns; fix count comment	Three specialists counted independently: 56 vs 65/66	Suite enumerates all 65; comment matches	Single-commit revert
AUD-003	HIGH	governance-docs	VERIFIED	FIX_NOW	Yes	Governance truth drift cluster: AGENTS.md 36/28 and 11.3 35/27 vs code 38/30; current-state/todo say PR #159 open vs merged c0469e2; doc-pin tests freeze stale strings; ARCHITECTURE.md store counts; WS-183 matrix enumerates 59 of 60; stale inventories	AGENTS.md; todo.md; current-state.md; group2ClosureDocs.test.ts; group6Docs.test.ts; ARCHITECTURE.md	records trustworthiness	One docs wave + doc-pin re-baseline in same PR (CHANGE_PROTOCOL pattern)	types.ts:55,71=38/30 re-verified; c0469e2 is-ancestor proof	Numbers and merge status match code; doc-pin tests assert current truth	Revert docs commit
AUD-004	MED	interaction-a11y	VERIFIED	FIX_NOW	No	Suggest-chip selected state is color-only and pixel-identical to its own hover (WCAG 1.4.1)	index.css:6151-6160	selection ambiguity in quick-expense categories	Add non-color cue (weight/dot per ChoiceRow contract)	index.css read confirms identical hover/selected values	Guard assertion: selected differs from computed hover	Revert CSS commit
AUD-005	MED	interaction-safety	VERIFIED	FIX_NOW	No	Three money-input sheets close without the typed-input discard question used elsewhere (typed repayment money can vanish on swipe/X)	components/loans/RepaymentSheet.tsx; components/loans/ReceivedLoanRepaymentSheet.tsx; components/cost/MaterialSheet.tsx	data-loss risk on dismissal	Reuse QuickActionSheet.tsx:143-167 discard pattern; own ops-control claim	rg count 0 guard markers in all 3 sheets vs pattern present in QuickActionSheet	DOM tests: dismissal with dirty input asks the question	Revert TSX commit
AUD-006	MED	interaction-semantics	VERIFIED	FIX_NOW	No	Permanent-delete confirm wears action=secondary instead of destructive (inconsistent with OrderDetail/QuickActionSheet/UnsavedChangesGuard)	DraftEditor.tsx:509-518	destructive-action semantics inconsistent	One-word class change + guard	Direct read of lines 509-518 confirms action="secondary" on irreversible delete	Snapshot/guard asserts destructive on delete confirms	Single-line revert
AUD-007	MED	navigation	VERIFIED	FIX_NOW	No	/foundation is the only non-seat surface without a back button and ignoring returnTo (53/60 pages honor it)	pages/Foundation.tsx	EXE-016 return-context promise breaks on one surface	Add useReturnPath + back affordance per the 53-page scaffold	rg count useReturnPath=0 in Foundation.tsx	Route contract test including foundation	Revert TSX commit
AUD-008	MED	layout-mobile	VERIFIED	FIX_NOW	No	Home numbers grid: CSS comment documents narrow vertical wrap but no collapse rule exists (comment/code mismatch); 320px unverified	index.css:2629-2635; Home numbers grid	narrow-device layout risk	Implement documented collapse OR fix comment; device capture at 320px	Comment at 2629-2630 vs fixed 2-col grid 2631-2635 (no media query)	Comment matches code; capture evidence	Revert CSS commit
AUD-009	LOW	product-ux	VERIFIED	FIX_NOW	No	Label duplication: shell contextLabel + page overline both render the Home title at top	MicroAppShell.tsx:80; AppHeader.tsx:225; Home.tsx:304	redundancy/visual confusion	Apply CONTEXT_REPEATS_H1 rule to the home route	Home.tsx:304 overline confirmed; shell contextLabel mechanism confirmed	Visual capture without duplication	Revert commit
AUD-010	MED	financial-safety	VERIFIED	FIX_NOW	No	Partial tone (OD-02) not directly asserted: an info revert would pass adapter tests	stateAdapter tests	OD-02 protection gap	One-line direct assertion	Only permissible-tone sweep runs today (S4 F-05)	Test fails on tone revert	Test-only change
AUD-011	LOW	performance	VERIFIED	FIX_NOW	No	No font preload for 59.8KB Alexandria VF (FOUT on first paint)	fonts.css; client/public/fonts	first-paint flash	Add rel=preload for the VF + measure	11 woff2 all font-display swap; no preload found (S5)	No FOUT in capture; budget PASS	Revert HTML/CSS commit
AUD-012	MEDIUM	architecture	VERIFIED	FIX_NOW	Yes (direction change)	ESLint mechanical gaps: ~93 root-level test files unguarded; presentation import direction undeclared (12-14 reverse imports); contexts/pwa/lib unguarded	eslint.config.js:249-270	boundary enforcement holes	Config-only wave: add globs + declare presentation rule (direction itself owner-gated)	rg count 12 files in application/ importing presentation (S3: 14)	Fixture tests pass incl. new globs	Revert config commit
AUD-013	MED	tokens	VERIFIED	DEFER	Yes	48 of 130 bridge tokens dead at bridge level; type/motion tokens are no-ops (369 rem literals in index.css); APPROVED_18 name stale (holds 26)	vf-tokens.css; index.css	token-source clarity	Owner-gated cleanup wave using this inventory (never blind delete)	vf-action-commit family 0 consumers re-verified	Guards green; no visual delta	Revert token commit
AUD-014	MED	tokens-semantics	VERIFIED	DEFER	Yes	Semantic overload: --vf-tint triple duty (hairline x127 + support field x23 + secondary button bg); peach brand-soft four roles in light; light status merged into info while dark distinct; two scrim grammars + unused COLOR_FUNC guard	vf-tokens.css; theme-dark.css; design-token-guards.py	palette semantic confusion risk	Owner decision on role split; then tokens + guards in one wave	TOKEN-CONSUMER-INVENTORY rows carry per-token risk	Guards assert chosen semantics	Token commit revert
AUD-015	MEDIUM	architecture	VERIFIED	DEFER	Yes	Field/Row TSX convergence: 0-consumer Field primitive vs 366-370 inline .micro-field usages across 64-75 files (grew since Phase-1 census of 226)	src/pages (64-75 files)	duplication and drift risk	Owner-gated wave (fresh decision: prior plan exhausted); CSS grammar already unified	Three specialists counted 366/370/75-file variants (counting-method dependent)	Convergence contract + focused guards	Per-slice reverts
AUD-016	MEDIUM	architecture	VERIFIED	FIX_NOW-partial/DEFER	Yes (extraction)	index.css monolith 6,838 lines / 1,205 micro-* selectors; .micro-field-error retains two live base definitions (1052 and 4219)	index.css	maintainability	Consolidate dual definition now (WS-183 pattern); family extraction behind owner gate	rg confirms .micro-field-error at 1052 and 4219	Computed-style guard (WS-183 pattern)	Revert CSS commit
AUD-017	LOW	ux-states	VERIFIED	DEFER	No	Skeletons absent; loading is text-only role=status (honest but minimal)	app-wide	perceived polish	Defer with D-11 bundle strategy decision	V2 target includes skeletons; D-11 record	n/a now	n/a
AUD-018	LOW	shell	VERIFIED	DEFER	Yes	V2 Shell structural variant (no-logo header + account panel) not started; current shell is the owner-approved NAV-001 shell	shell components	direction	Owner-gated wave after IA decision	OD-10 record	n/a now	n/a
AUD-019	MEDIUM	product-ux	VERIFIED	DEFER	Yes	Five-page swipe model has NO Micro owner record either way; would collide with Home horizontal quick-actions without disabled-zones design	Home; V2 NAVIGATION-MAP 11.12	target experience sequencing	Record owner decision on swipe before any build	Zero gesture code found in src	Decision recorded	n/a
AUD-020	MEDIUM	financial-display	VERIFIED	DEFER	No	~108 prose-embedded formatMoneyMinor calls without bdi isolation; U+2212 vs ASCII minus variance in one sentence	OrderDetail (25); DirectSaleEditor (15); Statement (11); others	bidi/consistency risk in prose contexts	Standards note + gradual isolation in touched slices; formatter owns sign	S4 F-03 census	Fixture test for prose money	Per-slice reverts
AUD-021	LOW	copy-density	VERIFIED	PRESERVE	Yes	Copy-density outliers under downward-only ratchet: Finance 332 at-rest strings (11x the 30 target); Statement 224; OrderDetail 183; Home 78 (target 15)	Finance; Statement; OrderDetail; Home	cognitive load	Owner-gated reduction records; no silent cuts	text-density-count.py guard is downward-only	Owner records per screen	n/a
AUD-022	LOW	css-hygiene	VERIFIED	DEFER	No	Dead .micro-fab CSS family (0 TSX consumers; kept only as scaffold for the Nav001 absence guard)	index.css:759-797	hygiene	Fold into AUD-013/016 cleanup waves	S2 F2-10 census	Guard updated	Revert CSS commit
AUD-023	MEDIUM	product-axis	VERIFIED	DEFER	No	Offline/pending-send axis absent (and honestly not claimed anywhere)	app-wide	future product axis	Keep D-02 owner gate; never imply sync	S4: every sync/cloud string is a negation	n/a now	n/a
AUD-024	LOW	interaction-safety	VERIFIED	DEFER	Yes	Catalog unit/conversion stop chips: one-click semi-destructive with no confirm and no visible in-surface reverse (CSS itself labels it semi-destructive)	CatalogUnitsSection.tsx:144-153	accidental state-change risk	Owner-gated: confirm or visible reverse	S2 F2-08	Decision + guard	Revert TSX commit
AUD-025	MEDIUM	financial-semantics	VERIFIED	PRESERVE	Yes	Knowledge-coloring duality: amber estimated/review cards vs adapter all-neutral knowledge contract (deliberate tension; unification = semantic change)	index.css:1299/:1644; stateAdapter	semantic consistency	PRESERVE; any unification requires owner decision + freeze tests first	S4 F-04	n/a now	n/a
AUD-026	LOW	docs	VERIFIED	FIX_NOW	No	00-document-index.md indexes none of the 7 docs/architecture files (Phase-1 gap persists)	docs/00-document-index.md	discoverability	Add index entries (docs-only)	Phase-1 finding D-class; still true at c02fb458	Index lists architecture docs	Revert docs commit
RETRACTED-R1	HIGH	(none)	VERIFIED-retraction	n/a	No	RETRACTED: EstimateDetail.tsx:48 syntax error claim - display artifact (bracket-m eaten); md5 proves correct content on disk and in git blob e39955e4	EstimateDetail.tsx	none (no defect)	n/a	n/a	n/a	n/a
RETRACTED-R2	HIGH	(none)	VERIFIED-retraction	n/a	No	RETRACTED: ci.yml CI trigger corrupted claim - display artifact; md5/length prove branches: [main] correct; CI runs on main pushes, PRs, and tags	.github/workflows/ci.yml	none (no defect)	n/a	n/a	n/a	n/a
