element_or_pattern	file(s)_with_counts	semantic_type	variant(s)	states_implemented	touch_keyboard_a11y_evidence	problem	classification	minimum_safe_recommendation	consumers_risks
Button primitive (micro-prim-button)	components/primitives/Button.tsx; imports ~95 files (>=80 verified named; 96 barrel-import files)	action	create; save; commit; secondary; outline; ghost; quiet; destructive; block; loading	rest; active(scale .97 + variant pressed edge); disabled(opacity .5); loading(spinner + aria-busy + onClick removed + label persists); focus-visible(--vf-focus)	48px floor; native button; type=button default; aria-busy on loading; reduced-motion honored (primitives.css:472-480)	success state intentionally absent (pressing is not success, Button.tsx:7-8); no compact/icon variant	PRESERVE	none; keep contract frozen (primitives.test CSS strings)	all financial forms; visual changes trigger frozen tests
ChoiceRow/ChoiceButton (micro-prim-choice)	components/primitives/ChoiceRow.tsx; G5DeclarationEditor; AssetEditor (+tests)	selection	unselected; selected; disabled	rest; active scale .97; selected(2px clay inset edge + weight 700 + 8px dot ::before); disabled opacity .5	48px; aria-pressed; aria-disabled; name group prop	toggle semantics not radiogroup (fine for pairs); no compact variant	PRESERVE	none	selection contract is the V2-mapped grammar; keep dot+edge cues
micro-icon-button	13 instances / 10 files: Tools; CostEditor; Schedule x2; PwaInstallControl; PwaRuntimeNotice; CatalogTemplatesSection; ActualTimePanel; MaterialSheet; QuickActionSheet; AppHeader x3	action (icon-only)	single neutral variant	rest; hover(bg-well, fine pointers); active scale .97; disabled(global opacity .5)	44x44 (index.css:328-332); ALL 13 instances carry Arabic aria-label (verified individually); icons aria-hidden	no fill/active variants vs V2 IconButton (regular/fill/active)	PRESERVE; V2 variants DEFER (F2-15)	none now; variant work after owner decision (interlocks OD-10/D-12)	header/sheet/panel close; month nav; row add/remove
micro-delete-row	pages/CostEditor.tsx:425-429 (icon-only); pages/CostCalculator.tsx:412-418 (text+icon)	action; destructive	delete material row	rest; active(bg ground); danger ink+bg constant	44x44 (index.css:1352-1356); CostEditor aria-label حذف مادة X; CostCalculator visible text احذف المادة	single-click draft material delete without confirm (scratchpad rows, low stakes)	PRESERVE (draft scope)	document reversibility or add quiet confirm if rows become persisted (F2-08)	CSS cascade scoped by WS-183 comment (index.css:1348-1351)
micro-text-action	pages/Home.tsx; Orders; Statement; EventsLayer; ~25 files (201 aria-label occurrences overall)	action; navigation; selection (aria-pressed)	plain; with icon; aria-pressed selected variant	rest; selected(2px clay underline, index.css:511-519); disabled opacity .5	min-height 44px; min-width 48px; 13px 600; 18px icon aria-hidden	one visual family used for both navigation and toggles (labels disambiguate)	PRESERVE	none	period presets + event scope toggles rely on the underline cue
micro-back-button	pages/Parties.tsx:104; Catalog:656; Settings:597; FinanceActivity:234; +~20 editor pages	navigation	back to return source	rest; accent-text; focus-visible	min-height 44px (index.css:1108-1124); text label رجوع/destination; ArrowRight aria-hidden (RTL back = right)	none	PRESERVE	none	returnPath via useReturnNavigation; keep contextual labels
micro-quick-action (+ -primary)	pages/Home.tsx:522-586 (3 fixed + catalog + more)	action quick tiles	plain; primary (accent-soft fill + accent border when no priority block)	rest; active(accent-soft fill, index.css:2612-2614)	96x76 tile; 13px label + 22px icon aria-hidden; text label is the name	primary tile fill shares accent-soft family with selected chips (transient only)	PRESERVE	none	NAV-001 owner decision moved these to Home; do not re-centralize
micro-sheet-action	components/layout/QuickActionSheet.tsx:252-286 (5 items); CSS index.css:903-945,4199-4207	action menu rows (bottom sheet)	plain; disabled	disabled(opacity .68 + saturate .65 + well icon); rest; hover; active	64px row; strong+small text labels; disabled+aria-disabled props (no item currently disabled)	disabled reason string not rendered (prop-level only)	PRESERVE	render reason text if items ever set disabled=true (F2-20)	sale/expense in-sheet; others routed
micro-draft-row / micro-intent-card	pages/Orders.tsx:197-228,243-278,302-332,426-447; NewDraft.tsx; CSS index.css:1176-1246	navigation (whole row)	plain; data-selected (intent card)	rest; hover(text accent, fine pointers); active(bg well); selected(accent text + well bg)	76px full-row button; strong/small text; trailing ChevronLeft cue; direct-sales rows add aria-label فتح بيع X	none — exemplary pattern	PRESERVE	none	OrderWorkRow next-action line is the model for V2 OpenRow
micro-home-recent-item	pages/Home.tsx:694-722	navigation (whole row)	plain	rest; active via shared button styles	full-row button; time/strong/small text; amount MoneyValue; key per change	none	PRESERVE	none	links to /finance/activity record
micro-home-fact / PeriodNumberRow money buttons	pages/Home.tsx:65-104,162-192	navigation (value-as-button)	known value button; road button (غير مسجل — سجّله)	rest; underline family via micro-text-action	money rendered inside button with aria-label افتح X; min-height 44	money-as-button must keep aria-label (name would be digits only)	PRESERVE	none	V2 maps this to OpenRow with money value
BottomNav item (micro-nav-item)	components/layout/BottomNav.tsx; CSS index.css:699-758	navigation	5 equal seats (مشروعي الآن/العمل/المالية/أدواتي/السوق)	unselected(secondary ink); selected(action ink + weight 600 + aria-current=page); active scale .97	min 56px height, min-width 44; 24px icon aria-hidden; 13px label; navigates through UnsavedChangesGuard (MicroAppShell.tsx:91-93)	quad-mark identity cue deferred (GAP-002/D-12 documented in CSS comment 748-750)	PRESERVE; quad-mark DEFER (D-12)	none	do not add pill (rejected by V2)
AppHeader logo button + menu	components/layout/AppHeader.tsx:199-290	navigation menu	trigger + role=menu, 2 groups (account/project; system)	menu open(aria-expanded); Escape closes + focus returns to logo; ArrowDown/Up/Home/End cyclic; outside pointerdown closes	logo button >=44x44, aria-label قائمة Micro, aria-haspopup=menu; items role=menuitem icon+text; note بياناتك محفوظة على هذا الجهاز	none — honest future entries (قريبًا)	PRESERVE	none	account label adapts (أكمل إعداد الحساب vs الحساب)
Soon panels (transport/assistant)	components/layout/AppHeader.tsx:291-317	information (future capability)	dialog panels with honest قريبًا copy	open(role=dialog aria-modal=false); Escape + focus trap + focus return to trigger; backdrop click closes	trigger micro-icon-button 44px with aria-label + title + aria-haspopup=dialog	none — copy explicitly denies booking/AI	PRESERVE	none	NAV-001 owner decision documented in file header
micro-fab	index.css:759-797 (CSS only); Nav001.dom.test.tsx:102 asserts absence	action (floating)	none	none	0 production consumers; guard test asserts element null	dead interactive rule family retained after NAV-001 removed central record button	DEFER (F2-10)	verify guard-scaffold intent in next CSS-hygiene wave; removal CSS-only but keep absence test	Nav001 test freezes absence
micro-chip + chip stop button	components/catalog/CatalogUnitsSection.tsx:141-153; QuickExpenseForm.tsx:302; FinancialEventEditor.tsx:1150; CSS index.css:5662-5708	status pill + embedded stop action	chip (accent-soft); chip-muted; inner stop button	rest; hover(color-mix 15%); active	stop button forced 44x44 with negative margins (chip 36px; index.css:5679-5692 comment: semi-destructive needs 44); aria-label إيقاف X; 15px icon aria-hidden	one-click stop without confirm and no visible reactivate path in same surface (CSS comment admits semi-destructive)	DEFER (F2-08)	document reversibility path next to chip or add quiet confirm	deactivateUnit/deactivateConversion one-way in this section
micro-suggest-chip	components/finance/QuickExpenseForm.tsx:299-316; FinancialEventEditor classification suggestions; CSS index.css:6132-6163	selection (category)	unselected(bg-well); selected(accent-soft + accent text)	rest; hover(= selected look); selected; active scale .97	44px; aria-pressed; title tooltip; role=group + aria-label on chip list	selection is color-only and identical to its own hover — violates its own non-color-cue comment (index.css:6130-6131) and ChoiceRow contract; WCAG 1.4.1	FIX_NOW (F2-05, CSS-only)	add non-color cue (check glyph, weight 700, or 2px edge) matching ChoiceButton grammar; keep 44px; mind frozen guards	quick-expense + event classification chips
StatusChip (micro-prim-chip)	pages/Orders; FinanceActivity x2; InventoryMaterials; Schedule; RecurringExpenseDetail (+tests) — 5 production files	status	word (product-owned) + marker; tones success/error/info/partial/status/neutral	rest only (non-interactive)	28px pill; 13px word; marker hue on white surface only (3:1 non-text); data-tone + data-family	none (informational)	PRESERVE	none	partial is its own neutral tone per OD-02 (primitives.css:72-75)
StateMarker (micro-prim-marker)	components/primitives/markers.tsx; via StatusChip/Notice	status	dot; partial; tilde; check; alert; clock; eye; question (stateAdapter roles)	rest	8-12px shapes aria-hidden inside chips/notices	none	PRESERVE	none	stateAdapter is test-frozen
Notice/QuietCompletion/InlineError/FeedbackNote	components/primitives/Notice.tsx; consumers DraftEditor; CostEditor; Catalog; InventoryMaterials; DirectSaleEditor	feedback	neutral; info; quiet completion (check in ink); error-inline; explicit kind completion/advisory/error	rest; role=status (polite); error marker + role=alert at InlineError call sites	marker + word; error ink text-safe 5.46:1 on ground	none	PRESERVE	none	R1/D6 contract: no prefix guessing
Row/RowList (micro-prim-row)	pages/Home.tsx only (FactRow; RowList micro-home-fact-rows)	information row	lead/title/caption/state/trailing; optional stripe tone success/error/info/partial	stripe only with state slot (contract, primitives.css:310-331)	lead slot = --vf-touch-target tile; ul/li list semantics	consumed by 1 of ~60 pages — convergence question is owner-deferred	DEFER (row convergence, D-08-adjacent)	none	keep primitive frozen; convergence touches TSX (owner gate)
Field primitive (micro-prim-field)	0 production consumers (primitives.test.tsx + Accessibility.w44 test only)	input container	label; control; error; hint	rest; focus-visible(--vf-focus); error border (primitives.css:378-431)	>input/select/textarea child; 48px control; 13px label	dual field grammar vs 366 inline micro-field usages (D-08)	DEFERRED (D-08 owner record)	none until owner approves convergence	WS-183 already unified boundary+focus across both systems
Inline .micro-field family	366 exact className usages / 64 files (family 497 / 77 files incl. -hint/-grid/-wide/-error); CSS index.css:986-1064	input container	label span + small hint; error sibling	rest; focus(unified --vf-focus); error variant (micro-field-error role=alert at call sites)	label wrapper association; aria-label on number inputs; aria-describedby in quick forms (QuickSaleForm.tsx:237,251)	structural duplication with Field primitive (D-08)	DEFERRED (D-08)	none	highest-traffic interactive pattern; wide blast radius
EnglishNumberInput / EnglishQuantityInput	components/forms/EnglishNumberInput.tsx; EnglishQuantityInput.tsx; consumers across editors + quick forms	input (money/qty)	kind money/quantity; allowEmpty	rest; focus; validity callbacks + aria-invalid wiring at consumers	LTR digits 0-9 + dot only; aria-label at every audited call site (e.g. CostCalculator.tsx:408)	none	PRESERVE	none	englishNumeric application layer test-frozen
LocalDateField	components/forms/LocalDateField.tsx; OrderDetail; DeliveryReview	input (date)	native date	rest; focus; max=past at consumers	native input; aria-label at consumers	none	PRESERVE	none	date semantics owned by formatters
MoneyValue / MoneyWithUnit	components/presentation/DisplayValue.tsx:15-48; 304 occurrences / 55 files	information (financial value)	minor amount; showPlus; unit beside island	data-negative attribute; bdi dir=ltr isolation; unit in Arabic flow	not interactive itself; used as button label with aria-label افتح X in Home fact rows	words (غير مسجل/تقريبًا) deliberately external — word-ownership invariant vs V2 9-state MoneyValue	PRESERVE (owner decision recorded Phase 1 §17.1)	none	V2 word-generating MoneyValue would violate invariant
QuickActionSheet	components/layout/QuickActionSheet.tsx; provider app/quickRecording.tsx	action sheet (5 quick records)	modes: menu; sale-form; expense-form; receipt; confirmDiscard overlay	open/close; dirty-typed-input confirm (role=alertdialog 225-249); saving disables confirm; receipt role=status	X close aria-label إغلاق 44px; forms kept mounted+hidden so typed input survives mode switches; Enter submits sale form	none — receipt is real evidence (amount + cash + افتح السجل)	PRESERVE	none	sheet never creates financial effect itself (header contract)
QuickSaleForm	components/finance/QuickSaleForm.tsx	transaction form (sale)	full/credit; cost known/unknown; wallet optional	saving(disabled + جارٍ التسجيل + aria-busy); field vs save error split (aria-invalid + aria-describedby); impact preview role=status; error role=alert	idempotencyKey sheet-sale-UUID (:60,137); saveInFlightRef re-entrancy (:59,82,121)	none	PRESERVE	none	model for ephemeral financial entry
QuickExpenseForm	components/finance/QuickExpenseForm.tsx	transaction form (expense)	wallet source optional; category suggest chips; no-wallets warning branch	saving; error role=alert id=quick-expense-form-error (:332); impact preview role=status	idempotency + in-flight guard (same pattern as sale); wallet select aria-label مصدر الصرف للمصروف	suggest-chip selection color-only (F2-05)	FIX_NOW (F2-05)	see F2-05 row	see F2-05
RepaymentSheet (loans)	components/loans/RepaymentSheet.tsx	transaction sheet (loan repayment)	amount + confirm	saving(disabled + جارٍ الحفظ); error role=alert; offline note يُحفظ محليًا	Drawer Escape; amount aria-label مبلغ الدفعة; store idempotency loanService.ts:166	no typed-input discard question on close (contrast QuickActionSheet)	FIX_NOW (F2-07)	route close through a dirty check mirroring QuickActionSheet.requestClose	financial entry; silent loss of typed amount is the risk
ReceivedLoanRepaymentSheet	components/loans/ReceivedLoanRepaymentSheet.tsx	transaction sheet (received-loan repayment)	same recipe as RepaymentSheet	same	same (structural twin — POSSIBLE_RAPID_OR_TEMPLATE-BASED_VISUAL_PATTERN pair #1)	same discard-guard gap	FIX_NOW (F2-07, same change)	same	as above
MaterialSheet	components/cost/MaterialSheet.tsx	material pick/add sheet	close + add	rest	X close aria-label إغلاق إضافة المادة 44px	no dirty guard on close (single field, low stakes)	DEFER (low stakes)	align if F2-07 pattern lands	scratchpad material
UnsavedChangesDialog	components/forms/UnsavedChangesGuard.tsx:211-302	safety dialog (unsaved exit)	stay; save-and-continue (text action); discard (destructive, separated via marginInlineStart auto)	isSaving disables save/discard; saveFailure role=alert inside dialog; Escape = stay (least destructive)	role=dialog aria-modal; focus trap (Tab cycle); focus to stay button on open; focus returns to trigger; beforeunload armed; history sentinel keeps form mounted on back	none — exemplary	PRESERVE	none	guard used by all editors via provider
CorrectionPreview	components/finance/CorrectionPreview.tsx:25-170; consumed by reversal/correction editors	confirmation (financial correction)	danger flag swaps commit->destructive ink	busy(disabled + busyLabel); error role=alert; required reason (empty rejected); preview dl before/after/unchanged/resulting/reversibleNote	confirm Button action commit or destructive; cancel secondary; autoFocus reason textarea	none — this IS the confirm pattern	PRESERVE	none	mandated for any financial correction
Order cancel panel	pages/OrderDetail.tsx:1086-1207	confirmation (cancel order)	reason buttons (خطأ في السعر/انسحب العميل/سبب آخر/تخطّى السبب وألغِ); quiet entry; other-reason input	isActing disables all; mandatory impact preview; deposit + non-deposit collection warnings before decision; إغلاق dismiss (vocabulary law)	buttons 48px; destructive ink on irreversible choices; panel aria-label تأكيد إلغاء الطلب	single-click destructive after panel open (documented two-step)	PRESERVE	none	AV-06 warnings encoded
Draft delete zone	pages/DraftEditor.tsx:501-533	confirmation (permanent draft delete)	quiet entry -> warning copy + final delete + إغلاق	isDeleting disables	final Button 48px labeled احذف المسودة نهائيًا + جارٍ busy word; إغلاق uses DISMISS_PANEL_CLOSE_LABEL	final delete wears action=secondary not destructive (F2-06)	FIX_NOW (F2-06 small)	switch final button to action destructive (or documented exception)	draft has no financial effect (copy states it)
Tools estimate delete confirm	pages/Tools.tsx:68-70,183-204	confirmation (estimate delete)	icon trigger -> inline confirm naming the estimate (role=alert)	confirmDeleteId state; final احذفه text-action	trigger icon-button 44px aria-label حذف تقدير X; final action text-labeled	final destructive is text-action not destructive ink	FIX_NOW (F2-06 same pass)	align ink or document exception	estimates are local-only
EventsLayer event row actions	components/finance/EventsLayer.tsx:336-344,389-424	action row (expand + correct)	expand toggle; text actions عكس/تراجع/تصحيح/حذف/استعادة (by status)	busy per action (saving disabled + جارٍ labels); success QuietCompletion; error role=alert	rows are articles; expand toggle 48px with aria-expanded + aria-controls; actions 44px text-actions; details/summary native	none beyond F2-06 family	FIX_NOW only if unifying destructive ink (F2-06)	keep preview-before-confirm chain intact	—
EventsLayer scope toggle	components/finance/EventsLayer.tsx:825-839	selection (view scope)	اعرض كل الأحداث (n) / أعرض الأحدث فقط	aria-pressed + label swap	role=group aria-label نطاق عرض الأحداث; 44px text-action	none	PRESERVE	none	honest full-record note under it
Finance layer summaries (details)	pages/Finance.tsx:748+; CSS index.css:1920-2026	disclosure navigation (assets/loans/owner layers)	summary rows with b/small/strong	open/closed via native details; :focus-visible outline; marker removed	48px summary; text labels; inner navigations via text-actions	none	PRESERVE	none	V2 row-group convergence candidate (owner)
Party entry (details) + movement buttons	pages/Parties.tsx:158-213	navigation + collect shortcut	party summary; collect shortcut حصّل من X; movement buttons to source records	summary open/closed; buttons rest	native summary; movements full-row buttons with date+label+MoneyValue showPlus; collect shortcut labeled يفتح ورقة التحصيل… ولا يُكتب شيء من الدفتر	none (read-model honesty note at bottom)	PRESERVE	none	D-003 shortcut routes to source record
Catalog item row + defaults disclosure	components/catalog/CatalogItemsSection.tsx:216-333	information row + edit disclosure + per-item sale action	details عدّل الافتراضيات (fills editor on open); save/إلغاء التعديل; per-row create سجّل بيع هذا المنتج/الخدمة	saving disables; invalid disables create	article rows non-clickable (clear); buttons explicit; native disclosure; EnglishNumberInput aria-labels	multiple create-class buttons per screen (F2-16 observation)	PRESERVE (owner-awareness note)	consider quieter class for per-row sale if primary dilution matters	Product-to-Sale deep link ?product=
Catalog units chips	components/catalog/CatalogUnitsSection.tsx:138-153	status + stop action	unit chips + stop (see micro-chip row)	see micro-chip row	see micro-chip row	see F2-08	DEFER (F2-08)	see F2-08	unit reactivation path not visible here
Statement period presets + compare toggle	pages/Statement.tsx:331-356	selection (period + compare)	preset text-actions with aria-pressed; compare toggle aria-pressed; custom range dates; compare-side select	pressed underline cue; status notes role=status	44px text-actions; selects natively labeled	none	PRESERVE	none	V2 AnchoredMenu candidate (owner, F2-15)
Parties search input	pages/Parties.tsx:136-144	input (search by name)	live filter + honest empty-results branches	rest; focus	micro-field label + aria-label بحث بالاسم; empty copy explains next step (جرّب اسمًا أقصر)	none	PRESERVE	none	V2 search-with-icon field variant candidate (D-08)
Schedule month calendar	pages/Schedule.tsx; CSS index.css:3588-3874	navigation (dates)	month prev/next icon buttons; day cells (>=92px); day list rows (64px)	selected day (2px accent border + accent-soft); today (brand bottom edge); alert (warning start edge); empty cells pointer-events none	44px nav buttons aria-label الشهر السابق/التالي; cells are buttons >=92px; day-list rows 64px with chevron	none — selection has border cue (non-color)	PRESERVE	none	date LTR isolation in cells (index.css:3740-3743)
Schedule week view rows	pages/Schedule.tsx (micro-week-day buttons); CSS index.css:2369-2402	navigation (week entries)	full-width rows with b/small + svg	rest; hover neutral	full-width buttons; text labels; 17px chevron	none	PRESERVE	none	—
Section toggles / inline disclosures (details summary)	micro-section-toggle (index.css:5569-5598); micro-inline-disclosure (5163-5192); micro-additional-details-summary (5112-5156); Settings/Finance/Catalog/OrderDetail	disclosure	three summary families	open/closed; :focus-visible outline on summary	48px min summary; native details/summary semantics; marker removed via ::-webkit-details-marker	chevron/plus affordances vary slightly across the three families	DEFER (cosmetic unification with row convergence)	unify affordance glyph when D-08 lands	template pattern #5
Logo menu items (micro-logo-menu-item)	components/layout/AppHeader.tsx:266-289	navigation menu items	2 groups + account-state data attribute	focus; hover	role=menuitem; ArrowUp/Down/Home/End; icons aria-hidden; account label adapts	none	PRESERVE	none	data-account-state hook for future badge
PIN gates (DataActionPinGate / AppLockGate)	components/security/DataActionPinGate.tsx:55-94; AppLockGate.tsx	security confirmation	password input + submit	busy; error role=alert; disabled until >=4 digits	role=alertdialog aria-modal; input labeled; submit 48px	none	PRESERVE	none	gates destructive data actions (wipe/backup)
Settings protection dialog	pages/Settings.tsx:695-708	confirmation	proceed/cancel	aria-modal dialog; ShieldAlert icon; destructive-adjacent copy	role=dialog aria-label; buttons labeled	none	PRESERVE	none	data-protection section
PwaInstallControl	pwa/PwaInstallControl.tsx; CSS index.css:3359-3425	action (install/dismiss)	install prim button; ليس الآن icon-button	rest; dismissed	44px icon-button with aria-label + title; 48px prim; card copy titled	template twin of runtime card (pattern #2)	PRESERVE	none	—
PwaRuntimeNotice	pwa/PwaRuntimeNotice.tsx; CSS index.css:3441-3510; register.ts	action (apply update / لاحقًا)	apply prim button; لاحقًا icon-button; confirmation + error branches	updateAvailable flag; error copy تعذر تطبيق التحديث الآن؛ retry	44px icon-button aria-label لاحقًا; 48px apply; auto-reload suppressed while dirty forms (register.ts:72-75)	none — honest update behavior	PRESERVE	none	dirtyRegistry bridge
ErrorBoundary recovery	components/ErrorBoundary.tsx:54-77	recovery	full-screen crash surface	role=alert; heading focus (tabIndex -1 + ref); local incident id only (privacy)	reload Button action=save; no stack traces	none	PRESERVE	none	incident recording guarded against loops
Route loading (micro-route-loading)	pages/Home.tsx:255-260; Orders.tsx:107-112; Tools.tsx:80-82; CSS index.css:412+	loading	state text جارٍ…	non-interactive	role=status (some aria-live=polite)	no skeletons (V2 StructuralLoad absent)	DEFERRED (D-11)	none	skeleton family owner-deferred
Empty states (EmptyState prim + micro-empty-state)	prim: Loans; FinanceActivity x2; Assets; Schedule; Orders (6 files); page-level micro-empty-state (index.css:554-583) + micro-empty-inline	empty/void	symbol + StatusChip + title + description + ONE action; quiet inline variant	non-interactive	aria-labelledby titles; action is a real Button; honest words (لا توجد سجلات بعد)	two parallel empty systems (template pattern #3)	PRESERVE; unification DEFER with D-08	none	V2 EmptyState 5 variants — Micro covers first-move + search-reset families
Home priority CTA	pages/Home.tsx:354-369	action (single primary)	Button action=save block + ArrowLeft	rest; active (save pressed edge)	48px full-width; actionLabel from model; ArrowLeft aria-hidden	mutually exclusive with quick-action-primary (code-enforced)	PRESERVE	none	Z1.3 one-primary rule
Home truth-line inline actions	pages/Home.tsx:337-343,402-416,480-507	navigation (inline text actions)	افتح الإعدادات; افتح أقربها; راجعها; راجع دفتر الناس; انسخ الآن	micro-text-action family	44px; Arabic labels	none	PRESERVE	none	honest notes accompany each
Setup wizard navigation	pages/Setup.tsx:349,422-433	navigation (steps)	تخطَّ المحفظة الآن (text+ArrowLeft); خطوة سابقة (ArrowRight); احفظ وابدأ (save, step 3)	saving disables; step indicator	48px buttons; arrows mirror correctly (previous = right)	none	PRESERVE	none	SET-002 success banner wired to ?setup=1
micro-later-action	index.css:2966-2984; CashOpeningLaterEditor context	action (deferred entry)	strong+small action card	rest	48px-ish card with text	niche (few consumers found)	PRESERVE	none	verify consumers in later wave
G5 direction choice + commit	pages/G5DeclarationEditor.tsx (ChoiceRow); components/finance/G5DecisionPanel.tsx	selection + commit	تحصيل/التزام choices; commit confirm for high-consequence declaration	selected via ChoiceButton contract; commit Button action=commit	see ChoiceRow; commit 48px	none — commit class reserved for high-consequence (8 uses repo-wide)	PRESERVE	none	declaration wording owner-frozen
Recurring confirm panel	components/finance/RecurringConfirmPanel.tsx	confirmation (recurring record)	preview + explicit choice (11 micro-field usages in file)	saving disables; FeedbackNote channels	buttons labeled; fields labeled	none beyond F2-06 family	PRESERVE	none	OPS-003 warning note shared via resultFeedback
Owner entitlement forms sections	components/owner/OwnerLedgerFormsSection.tsx; OwnerPolicyFormsSection.tsx (16 micro-field each)	form	save flows	saving disables; FeedbackNote channels	labeled fields; 48px buttons	none	PRESERVE	none	—
Direct sale editor actions	pages/DirectSaleEditor.tsx:940-1012	form (sale + collection decision)	difference-choice required before save; correction vs create; fieldset disabled when cancelled	saving (جارٍ الحفظ…); difference choice gating; cancelled fieldset	disabled choice buttons carry visible reason copy above; idempotency keys + in-flight guard (:100,125,323,364)	none	PRESERVE	none	fieldset-disabled pattern is honest disable-with-reason
Financial event editor actions	pages/FinancialEventEditor.tsx (14 micro-field; stale-conflict branch)	form	save; stale reload; classification menus	idempotency + in-flight (:261,273,606,657); STALE_CONFLICT_NOTE with أعد قراءة السجل الحالي action (resultFeedback.ts:12-20)	fields labeled; stale branch explains refused overwrite	none — cross-tab stale protection exemplary	PRESERVE	none	§31 contract
Collect sheet (ورقة التحصيل)	pages/Collect.tsx	transaction form (collection)	party/debt selection + amount + wallet	saving; honest preview	labeled fields; 48px buttons	none	PRESERVE	none	D-003 shortcut lands here
SharePreview	pages/SharePreview.tsx	output preview	share text preview + back	n/a	back button labeled	none	PRESERVE	none	—
Market (قريبًا surface)	pages/Market.tsx:23+	navigation (future seat)	back + soon cards	soon badges (micro-soon-card/badge)	honest قريبًا announcements	none	PRESERVE	none	nav seat 5 announced not fake
micro-soon-card / micro-soon-panel	index.css:2517-2583; Market + AppHeader panels	information	future-capability cards + panels	rest	n/a	recipe reuse (template pattern #5 family)	PRESERVE	none	—
micro-finance-event-toggle (Statement header)	pages/Statement.tsx:81,144,560	disclosure	toggle details open	aria-expanded pattern	text-action 44px	none	PRESERVE	none	—
micro-home-finance-unit actions	pages/Home.tsx:640-652	navigation (finance section)	text action صفحة الأساس + Button save (navigation)	rest	navigation wearing save class documented in-code (F2-16b)	class semantics = ordinary, not persist — owner awareness	PRESERVE (documented)	owner-awareness only	—
micro-orders-cancelled details	pages/Orders.tsx:163-171	disclosure (audit trail)	cancelled group folded but visible	summary shows count + تبقى في السجل للتدقيق	native details; summary text	none	PRESERVE	none	no-delete audit stance
Dialog overlay (micro-dialog-overlay/dialog)	index.css:631-672; UnsavedChangesGuard + Settings + PIN gates	confirmation container	overlay click = stay (non-destructive); stopPropagation inside	overlay; dialog; actions row	role=dialog/alertdialog; focus traps at call sites	none	PRESERVE	none	radius 20px per UX-001
Drawer primitive (vaul)	components/ui/drawer.tsx	overlay container	bottom/top/left/right variants	open/close animations; scrim token S3-15	Escape handled by vaul; aria via DrawerTitle/Description at consumers	none — single drawer primitive repo-wide (no drift)	PRESERVE	none	worklog 2-a: single vaul primitive confirmed
